POI_ID *,LATITUDE,LONGTITUDE,STREET_NO,STREET,CITY,PROVINCE,COUNTRY,POSTAL_CODE,BRAND_NAME,FEATURE_NAME
26201303,35.54391,-113.2817,,Sr-66,WILLIAMS,AZ,US,,Grand Canyon Caverns,1G4
26200133,40.652042,-75.429958,,Airport Rd At City Line Rd,ALLENTOWN,PA,US,18109,Lehigh Valley International Airport,ABE
26201230,32.4194,-99.67708,,Airport Blvd,ABILENE,TX,US,,Abilene Regional,ABI
26200103,35.04967,-106.622,,Sunport Blvd. Se At Yale Blvd. Se,ALBUQUERQUE,NM,US,87106,Albuquerque International Sunport,ABQ
26201301,45.45202,-98.43344,,Cr-19,ABERDEEN,SD,US,,Aberdeen Regional,ABR
26201277,31.54908,-84.19709,,W Oakridge Dr,ALBANY,GA,US,,Southwest Georgia Regional,ABY
26200079,41.258806,-70.065443,,30 Macy Lane,NANTUCKET,MA,US,2554,Nantucket Memorial Airport,ACK
26201236,31.60667,-97.21537,,Airport Rd,WACO,TX,US,,Waco Regional,ACT
26200206,40.969769,-124.107989,,Airport Blvd At Ryan Ave,HUMBOLDT,CA,US,95564,Arcata Airport,ACV
26200102,39.448737,-74.570307,,Amelia Earhart Blvd,EGG HARBOR TOWNSHIP,NJ,US,8401,Atlantic City International Airport,ACY
26201231,57.74963,-152.49792,,Albatross Ave,KODIAK,AK,US,,Kodiak,ADQ
26201680,32.967965,-96.829926,,16051 Addison Rd,ADDISON,TX,US,,Addison,ADS
26200217,31.32623,-92.52846,,Vandenburg At England Dr,ALEXANDRIA,LA,US,71303,Alexandria Regional,AEX
26201681,32.98635,-97.313524,,2221 Alliance Blvd,FT WORTH,TX,US,,Alliance,AFW
26200243,33.373388,-81.973133,,Doug Barnard Pkwy At Tobacco Rd,AUGUSTA,GA,US,30906,Augusta Regional Airport At Bush Field,AGS
26201737,33.91956,-83.30802,,1550 Aviation Way,ATHENS,GA,US,,Ben Epps Airport,AHN
26201274,58.69677,-156.66079,,Main St,S NAKNEK,AK,US,,King Salmon,AKN
26200106,42.742594,-73.809009,,737 Albany Shaker Rd.,ALBANY,NY,US,12211,Albany International Airport,ALB
26201669,32.842692,-105.99781,,3244 Airport Rd,ALAMOGORDO,NM,US,,White Sands Regl,ALM
26201275,42.5422,-92.3952,,Airport Blvd,WATERLOO,IA,US,,Waterloo Regional,ALO
26201991,37.44413,-105.86544,,Airport Rd At State Ave,ALAMOSA,CO,US,,San Luis Valley Regl,ALS
26201309,46.08532,-118.30495,,Rainier Dr,WALLA WALLA,WA,US,,Walla Walla Regional,ALW
26200000,35.21646,-101.70216,,Centennial Blvd And Rosenwald Dr,AMARILLO,TX,US,79101,Rick Husband International Airport,AMA
26201718,33.58604,-85.85344,,2 Cliff Garrett Dr,OXFORD,AL,US,,Anniston,ANB
26200012,61.1767,-149.97289,,4600 Postmark Drive,ANCHORAGE,AK,US,99502,Ted Stevens Anchorage International Airport,ANC
26201439,34.50446,-82.71266,,Airport Rd At Portman Rd,ANDERSON,SC,US,,Anderson Rgnl,AND
26201317,61.58144,-159.54903,,White Alice Rd,BETHEL,AK,US,,Aniak,ANI
26202183,40.29363,-78.32611,,Airport Dr,MARTINSBURG,PA,US,,Altoona,AOO
26201375,39.58376,-104.84557,7800,S Peoria St,ENGLEWOOD,CO,US,,Centennial Airport,APA
26202713,38.22312,-122.259113,,1000 Airport Blvd,NAPA,CA,US,,Napa County,APC
26201291,26.15314,-81.76935,,Aviation Dr N,NAPLES,FL,US,,Naples Municipal,APF
26201368,45.0752,-83.57251,,Airport Rd,ALPENA,MI,US,,Alpena County Regional,APN
26202650,43.99656,-76.02297,,Airport Dr,SACKETS HARBOR,NY,US,,Watertown Muni,ART
26200244,39.220539,-106.863329,,Sardy Field At Co-82 South,ASPEN,CO,US,81611,Aspen-Pitkin County/Sardy Field,ASE
26202583,46.15306,-123.88972,,Airport Ln At Se Airport Rd,WARRENTON,OR,US,,Astoria Regional,AST
26200007,33.63737,-84.44885,,S Terminal Plwy,COLLEGE PARK,GA,US,30337,Hartsfield-Jackson Atlanta International Airport,ATL
26200245,44.262426,-88.506932,,W College Ave At Cr-Cb South,APPLETON,WI,US,54914,Outagamie County Regional,ATW
26202526,44.92593,-97.15661,,Airport Dr At Piper Ave,WATERTOWN,SD,US,,Watertown Rgnl,ATY
26202490,44.317974,-69.793304,,75 Airport Rd,AUGUSTA,ME,US,,Augusta State,AUG
26200149,30.2137,-97.66515,,Spirit Of Texas At New Airport,AUSTIN,TX,US,78719,Austin-Bergstrom International Airport,AUS
26200117,35.438828,-82.536398,,Airport Rd At Aviation Way,FLETCHER,NC,US,28732,Asheville Regional Airport,AVL
26200134,41.335139,-75.731924,,Spruce St And Pa-135,AVOCA,PA,US,18641,Wilkes-Barre Scranton International Airport,AVP
26200086,42.239372,-85.556845,,Airport At Portage Rd.,KALAMAZOO,MI,US,49002,Kalamazoo Battle Creek International Airport,AZO
26202347,42.15853,-72.71884,,99 Airport Rd,WESTFIELD,MA,US,,Barnes Mun,BAF
26201512,26.383956,-80.106892,,3800 Airport Rd,BOCA RATON,FL,US,,Boca Raton,BCT
26200035,41.927818,-72.682661,,Terminal Rd,WINDSOR LOCKS,CT,US,6096,Bradley International Airport,BDL
26201410,41.16196,-73.13309,,800 Great Meadow Rd,BRIDGEPORT,CT,US,,Sikorsky Meml,BDR
26201342,42.45746,-71.28945,,Hanscom Dr,BEDFORD,MA,US,,Laurence G Hanscom Field,BED
26201198,60.75144,-161.81402,,Bethel Airport,BETHEL,AK,US,,Bethel,BET
26202741,41.794067,-78.63912,,8012 Sr-59,LEWIS RUN,PA,US,,Bradford Co,BFD
26201305,47.53654,-122.30112,,7305 Airport Way S,SEATTLE,WA,US,,Boeing Field/King County International,BFI
26200205,35.429252,-119.043394,,2600 Hanger Way,BAKERSFIELD,CA,US,93308,Meadows Field,BFL
26201582,30.64683,-88.07578,,Michigan Ave At S Broad Ave,MOBILE,AL,US,,Mobile Downtown,BFM
26200227,42.20797,-75.982674,,2534 Airport Rd,JOHNSON CITY,NY,US,13790,Edwin A Link Field,BGM
26200075,44.808457,-68.816496,,287 Godfrey Blvd.,BANGOR,ME,US,4401,Bangor International Airport,BGR
26201372,44.45092,-68.36742,,Sr-3,ELLSWORTH,ME,US,,Hancock County-Bar Harbor,BHB
26200008,33.56013,-86.749246,,5900 Messer Airport Hwy,BIRMINGHAM,AL,US,35212,Birmingham International,BHM
26202251,41.1701,-71.58042,,Center Rd,BLOCK ISLAND,RI,US,,Block Island State,BID
26200093,45.803425,-108.53571,,1901 Terminal Cir.,BILLINGS,MT,US,64153,City Of Billings Logan International Airport,BIL
26200231,46.77702,-100.76309,,Terminal Blvd At Nd-1804,BISMARCK,ND,US,58501,Bismarck Municipal,BIS
26202157,39.91541,-105.105894,,12200 Airport Way,BROOMFIELD,CO,US,,Jefferson County,BJC
26201297,47.50524,-94.93449,,Airport Rd,BEMIDJI,MN,US,,Bemidji Regional,BJI
26201437,44.83299,-117.80915,,43700 Hellner Rd,BAKER CITY,OR,US,,Baker City Muni,BKE
26201445,37.78522,-81.11626,,Industrial Park Rd At Cr-99,BECKLEY,WV,US,,Raleigh Co Meml,BKW
26200238,48.789592,-122.530571,,Airport Way At W Bakerview Rd,BELLINGHAM,WA,US,98226,Bellingham International,BLI
26202175,40.188895,-74.115905,,1718 Rt-34,FARMINGDALE,NJ,US,,Allaire,BLM
26201298,38.54915,-89.81372,,Airport Blvd,MASCOUTAH,IL,US,,Mid America,BLV
26200060,40.483236,-88.916072,,3201 Cira Dr.,BLOOMINGTON,IL,US,61265,Central Illinois Regional Airport At Bloomington,BMI
26200144,36.134915,-86.66795,,1 Terminal Dr,NASHVILLE,TN,US,37214,Nashville International Airport,BNA
26200056,43.569732,-116.223068,,3201 Airport Way,BOISE,ID,US,83705,Boise Air Terminal-Gowen Field,BOI
26200078,42.367753,-71.019695,,Terminal Rd At Airport Exit,EAST BOSTON,MA,US,2128,General Edward Lawrence Logan International Airport,BOS
26201263,29.95759,-94.02079,,Airport Dr,BEAUMONT,TX,US,,Southeast Texas Regional,BPT
26201283,31.25312,-81.46436,,Glynco Pkwy,BRUNSWICK,GA,US,,Glynco Golden Isles,BQK
26201038,18.499,-67.13,,Wing Rd,AGUADILLA,PR,US,603,Rafael Hernandez,BQN
26201322,46.38791,-94.13943,,Hwy 210 Ne,BRAINERD,MN,US,,Brainerd Lakes Regional,BRD
26202218,40.781,-91.11732,,Airport Circle,BURLINGTON,IA,US,,Southeast Iowa,BRL
26201232,25.90619,-97.4335,,Billy Mitchell Blvd,BROWNSVILLE,TX,US,,Brownsville South Padre Island,BRO
26201284,71.28933,-156.77157,,Ahkovak St,BARROW,AK,US,99723,Wiley Post-Will Rogers Memorial,BRW
26201269,45.95432,-112.50622,,Airport Rd,BUTTE,MT,US,,Bert Mooney,BTM
26200072,30.532968,-91.156789,,Jackie Cochrane Dr At Sally Ride Dr,BATON ROUGE,LA,US,70807,Baton Rouge Metropolitan Airport,BTR
26200247,44.4688,-73.155246,,111 Airport Circle,BURLINGTON,VT,US,5403,Burlington International,BTV
26200105,42.932324,-78.727696,,4200 Genesee St.,CHEEKTOWAGA,NY,US,14225,Buffalo Niagara International Airport,BUF
26200027,34.195682,-118.348925,,Thornton Ave At N Hollywood Way,BURBANK,CA,US,91505,Burbank-Glendale-Pasadena Airport,BUR
26201955,36.96268,-86.42628,,1000 Woodhurst St,BOWLING GREEN,KY,US,,Warren County,BWG
26200076,39.183749,-76.674158,,Metropolitan At Friendship,BWI AIRPORT,MD,US,21240,Baltimore-Washington International Airport,BWI
26200094,45.776298,-111.158819,,850 Gallatin Field Rd.,BELGRADE,MT,US,59714,Gallatin Field,BZN
26200141,33.946223,-81.124669,,3000 Aviation Way,WEST COLUMBIA,SC,US,29170,Columbia Metropolitan Airport,CAE
26200122,40.914557,-81.430307,,5400 Lauby Rd. Nw,NORTH CANTON,OH,US,44720,Akron-Canton Regional Airport,CAK
26201366,37.69615,-113.08744,,Kittyhawk Dr,CEDAR CITY,UT,US,,Cedar City Regional,CDC
26201324,60.49152,-145.47359,,Copper River Hwy,CORDOVA,AK,US,,Merle K (Mudhole) Smith,CDV
26201355,41.77231,-124.23832,,Airport Rd,CRESCENT CITY,CA,US,,Jack Mcnamara Field,CEC
26202351,42.180373,-72.555676,,288 Padgette St,CHICOPEE,MA,US,,Westover Arb/Metro,CEF
26201981,37.304814,-108.614063,,6575 Us-491,CORTEZ,CO,US,,Cortez-Montezuma,CEZ
26200146,35.037317,-85.196572,,1001 Airport Connector Rd.,CHATTANOOGA,TN,US,37421,Chattanooga Metropolitan Airport-Lovell Field,CHA
26200237,38.136928,-78.447657,,Airport Rd At Dickerson Rd,CHARLOTTESVILLE,VA,US,22911,Charlottesville-Ablemarle Airport,CHO
26200137,32.883777,-80.035794,,5500 International Blvd.,CHARLESTON,SC,US,29418,Charleston International Airport,CHS
26201328,39.80089,-121.8489,,5100 Cohasset Rd,CHICO,CA,US,,Chico Municipal,CIC
26200066,41.893081,-91.700292,,2121 Wright Brothers Blvd.,WEST CEDAR RAPIDS,IA,US,52404,The Eastern Iowa Airport,CID
26202333,42.0483,-94.78373,,21177 Quail Avenue,CARROLL,IA,US,,Arthur Neu,CIN
26201335,46.25777,-84.47287,,Airport Rd,KINCHELOE,MI,US,,Chippewa County International,CIU
26202721,39.2892,-80.24233,,Benedum Dr At Langtown Rd,BRIDGEPORT,WV,US,,Harrison,CKB
26200120,41.411582,-81.834183,,Terminal Dr And Park Rd,BROOK PARK,OH,US,44142,Cleveland Hopkins International Airport,CLE
26201223,30.59769,-96.36977,,Mckenzie Terminal Blvd,COLLEGE STATION,TX,US,,Easterwood Field,CLL
26201313,48.12152,-123.49632,,Indurstrial Dr,PORT ANGELES,WA,US,,William R Fairchild International,CLM
26200112,35.222636,-80.946002,,5501 Josh Birmingham Pkwy.,CHARLOTTE,NC,US,28208-5746,Charlotte-Douglas International Airport,CLT
26200121,39.99976,-82.91299,,International Gateway At Stelzer Rd.,COLUMBUS,OH,US,43219,Port Columbus International Airport,CMH
26200215,40.039076,-88.260739,,1 Airport Rd,SAVOY,IL,US,61874,University Of Illinois-Willard Airport,CMI
26201304,47.17084,-88.51428,,23602 Airpark Blvd,HANCOCK,MI,US,,Houghton County Memorial,CMX
26201641,32.35226,-104.25431,,Airway Dr,CARLSBAD,NM,US,,Cavern City,CNM
26201476,38.76177,-109.74294,,Us-191,THOMPSON,UT,US,,Canyonlands,CNY
26201302,44.52251,-109.0295,,2461 Carter Ave,CODY,WY,US,,Yellowstone Regional,COD
26202427,43.20143,-71.50972,,100 Airport Rd,CONCORD,NH,US,,Concord Muni,CON
26200248,38.806068,-104.723678,,E Fountain Blvd At Aviation Way,COLORADO SPRINGS,CO,US,80916,City Of Colorado Springs Municipal,COS
26201320,38.81815,-92.2225,,S Airport Dr,COLUMBIA,MO,US,,Columbia Regional,COU
26201219,42.89691,-106.46415,,Michie Dr,CASPER,WY,US,,Natrona County International,CPR
26202065,38.578625,-90.157634,,10 Archview Dr,E ST LOUIS,IL,US,,St Louis Downtown,CPS
26201574,30.336346,-81.523245,,10700 Aviation Dr,JACKSONVILLE,FL,US,,Craig Municipal,CRG
26200156,27.774785,-97.50157,,1000 International Drive,CORPUS CHRISTI,TX,US,78406,Corpus Christi International Airport,CRP
26201259,33.12535,-117.27532,,Palomar Airport Rd,CARLSBAD,CA,US,,Mcclellan-Palomar,CRQ
26200168,38.368773,-81.594507,,Airport Rd At Eagle Mountain Rd,CHARLESTON,WV,US,25311,Yeager Airport,CRW
26201255,32.51857,-84.94082,,W Britt David Rd,COLUMBUS,GA,US,,Columbus Metropolitan,CSG
26201838,35.35364,-99.19018,,C Ave At 3Rd St,FOSS,OK,US,,Clinton,CSM
26200068,39.0627,-84.65744,,Hwy 212 At Donaldson Rd.,FLORENCE,KY,US,41042,Cincinnati-Northern Kentucky International Airport,CVG
26201772,34.41904,-103.09077,,Cr-D At Nm-523,TEXICO,NM,US,,Clovis,CVN
26200239,44.784326,-89.672607,,326 Cwa Drive,MOSINEE,WI,US,54455,Central Wisconsin,CWA
26201339,41.15351,-104.82079,,Airport Rd,CHEYENNE,WY,US,,Jerry Olson Field,CYS
26200249,29.188101,-81.061792,,Midway Ave At Catalina Dr,DAYTONA BEACH,FL,US,32114,Daytona Beach International,DAB
26200150,32.843877,-96.84964,,8008 Cedar Springs Road,DALLAS,TX,US,75235,Dallas Love Field,DAL
26200005,39.894722,-84.228378,,3200 Terminal Road,VANDALIA,OH,US,45377,James M. Cox International Airport,DAY
26201272,42.40307,-90.69477,,Airport Rd,DUBUQUE,IA,US,,Dubuque Regional,DBQ
26200159,38.848459,-77.045294,,1 Aviation Circle,WASHINGTON,DC,US,20001,Ronald Reagan National Airport,DCA
26202010,37.76012,-99.9687,,100 Airport Rd,DODGE CITY,KS,US,,Dodge City Rgnl,DDC
26201354,39.83124,-88.8785,,Airport Rd,DECATUR,IL,US,,Decatur,DEC
26200242,39.839698,-104.671803,,8500 Pena Blv,DENVER,CO,US,82049,Denver International Airport,DEN
26200220,42.405243,-83.017222,,10300 Castle St,DETROIT,MI,US,48234,Detroit City,DET
26200148,32.920673,-97.040895,,International Parkway,GRAPEVINE,TX,US,75261,Dallas Fort Worth International Airport,DFW
26201238,31.31592,-85.4484,,868 Airport Dr,DOTHAN,AL,US,,Dothan Regional,DHN
26202602,46.803638,-102.8011,,11155 42 R St Sw,DICKINSON,ND,US,,Theodore Roosevelt,DIK
26201268,59.03999,-158.50768,,Airport Rd,DILLINGHAM,AK,US,,Dillingham,DLG
26200222,46.8364,-92.191879,,4968 Airport Road,HERMANTOWN,MN,US,55811,Duluth International,DLH
26200209,37.16189,-107.750471,,Airport Road At Cr-309A,DURANGO,CO,US,81303,Durango-La Plata,DRO
26201360,29.37294,-100.9189,,Weather Station Rd,DEL RIO,TX,US,,Del Rio International,DRT
26200065,41.532789,-93.64805,,5800 Fleur Dr.,DES MOINES,IA,US,50321,Des Moines International Airport,DSM
26200081,42.22132,-83.34709,,William G Rogell Dr At Service Rd,DETROIT,MI,US,48242,Detroit Metropolitan-Wayne County Airport,DTW
26201780,34.485219,-97.96491,,7080 S 13Th St,DUNCAN,OK,US,,Halliburton Field,DUC
26201369,41.18356,-78.89529,,Sr-830,REYNOLDSVILLE,PA,US,,Du Bois-Jefferson County,DUJ
26201294,53.89579,-166.53467,,Aviation Dr,UNALASKA,AK,US,,Unalaska,DUT
26202633,48.10793,-98.90363,,300 Dakota Aero Dr,DEVILS LAKE,ND,US,,Devils Lake Muni,DVL
26201276,47.40259,-120.205,,Airport Way,EAST WENATCHEE,WA,US,,Pangborn Memorial,EAT
26201308,44.86288,-91.47834,,Starr Ave,EAU CLAIRE,WI,US,,Chippewa Valley Regional,EAU
26201557,29.60057,-95.17706,,Challenger Seven Pkwy,HOUSTON,TX,US,,Ellington Field,EFD
26200207,39.645991,-106.913954,,572 Airport Rd,GYPSUM,CO,US,81637,Eagle County,EGE
26200226,40.83119,-115.7833,,Mountain City Hwy At Cimmaron Way,ELKO,NV,US,89801,J C Harris Field,EKO
26200228,42.1647,-76.8783,,Schweitzer Rd At Chambers Rd,HORSEHEADS,NY,US,14845,Elmira-Corning,ELM
26200152,31.79878,-106.397201,,6701 Convair,EL PASO,TX,US,79925,El Paso International Airport,ELP
26201222,60.56459,-151.24133,,364 Airport Way,KENAI,AK,US,,Kenai Municipal,ENA
26201315,40.72911,-114.032,,A St,WENDOVER,UT,US,,Wendover,ENV
26200233,42.082591,-80.183901,,4557 W 12Th St,ERIE,PA,US,16505,Erie International,ERI
26201357,45.71347,-87.08785,,Airport Rd,ESCANABA,MI,US,,Delta County,ESC
26202442,43.426018,-88.13082,,330 Earl Stier Dr,WEST BEND,WI,US,,West Bend Muni,ETB
26200128,44.12106,-123.210627,,28855 Lockheed Dr.,EUGENE,OR,US,97402,Mahlon Sweet Field,EUG
26200064,38.0458,-87.53072,,7801 Bussing Dr.,EVANSVILLE,IN,US,47725,Evansville Regional Airport,EVV
26201326,41.67621,-70.94965,,Aviation Way,NEW BEDFORD,MA,US,,New Bedford Regional,EWB
26201214,35.07408,-77.03723,,Sr-1131,NEW BERN,NC,US,,Craven County Regional,EWN
26200101,40.692204,-74.184109,,Brewster Rd. At Pitcairn Rd.,NEWARK,NJ,US,7201,Newark Liberty International Airport,EWR
26200250,24.55211,-81.756244,,S Roosevelt Blvd At Farado Cir,KEY WEST,FL,US,33040,Key West International,EYW
26200014,64.82,-147.86375,,6475 Airport Way,FAIRBANKS,AK,US,99709,Fairbanks International Airport,FAI
26200119,46.90491,-96.82256,,Dakota And 19Th Ave. North,FARGO,ND,US,58109,Hector International Airport,FAR
26200031,36.766887,-119.719665,,5175 E. Clinton Avenue,FRESNO,CA,US,95737,Fresno Yosemite International Airport,FAT
26200230,34.99656,-78.89149,,Doc Bennett Rd At Airport Rd,FAYETTEVILLE,NC,US,28306,Grannis Field,FAY
26202517,44.82095,-93.45529,,10110 Flying Cloud Dr,EDEN PRARIE,MN,US,,Flying Cloud,FCM
26201314,48.5286,-123.0283,,Airport Cir,FRIDAY HARBOR,WA,US,,Friday Harbor,FHR
26202270,41.376615,-79.857255,,1560 Airport Rd,FRANKLIN,PA,US,,Venango Regl,FKL
26202460,43.76973,-88.48421,,1000 N Grove St,FOND DU LAC,WI,US,,Fond Du Lac County,FLD
26201273,35.13643,-111.67831,,W Shamrell Blvd,FLAGSTAFF,AZ,US,,Flagstaff Pulliam,FLG
26200039,26.070537,-80.14435,,320 Terminal Dr.,FORT LAUDERDALE,FL,US,33315,Fort Lauderdale-Hollywood International Airport,FLL
26201253,34.19523,-79.72845,,Kirshy Blvd,FLORENCE,SC,US,,Florence Regional,FLO
26201299,36.7388,-108.22612,,W Navajo St,FARMINGTON,NM,US,,Four Corners Regional,FMN
26201287,40.45022,-105.00136,,Earhart Rd,LOVELAND,CO,US,,Fort Collins-Loveland Municipal,FNL
26200083,42.973903,-83.751092,,3425 West Bristol Rd.,FLINT,MI,US,48507,Bishop International Airport,FNT
26202746,42.54428,-94.17825,,170Th St At Nelson Ave,FT DODGE,IA,US,,Fort Dodge Rgnl,FOD
26201477,38.94663,-95.68698,,Sw Topeka Blvd,TOPEKA,KS,US,,Forbes Field,FOE
26202223,40.843433,-72.644501,,2 Wallen St,WESTHAMPTON BEACH,NY,US,,The Gabreski,FOK
26202213,40.72537,-73.41952,,100 Republic Ave,FARMINGDALE,NY,US,,Republic,FRG
26200142,43.581243,-96.73154,,2801 Jaycee Lane,SIOUX FALLS,SD,US,57104,Sioux Falls Regional Airport-Joe Foss Field,FSD
26200203,35.337883,-94.372524,,5458 Airport Blvd,FORT SMITH,AR,US,72903,Fort Smith Regional,FSM
26202677,32.820837,-97.352906,,100 Meacham Airport Cir,FT WORTH,TX,US,,Meacham International,FTW
26201729,33.775375,-84.52113,,3952 Aviation Circle Nw,ATLANTA,GA,US,,Fulton Co-Brown Field,FTY
26200063,40.98673,-85.188592,,3814 Air St,FORT WAYNE,IN,US,46809,Fort Wayne International Airport,FWA
26201510,26.195066,-80.173491,,5560 Nw 23Rd Ave,FT LAUDERDALE,FL,US,,Ft Lauderdale Executive,FXE
26201887,36.0145,-94.173056,,4000 S School Ave,FAYETTEVILLE,AR,US,,Drake,FYV
26201359,64.740417,-156.92874,,Campion Rd,NULATO,AK,US,99765,Edward G. Pitka Sr,GAL
26202047,38.34749,-98.84967,,7Th St At A St,GREAT BEND,KS,US,,Great Bend Muni,GBD
26201340,44.34524,-105.52822,,Airport Rd,GILLETTE,WY,US,,Gillette-Campbell County,GCC
26201422,37.93056,-100.71243,,9503 E Air Base Rd,PIERCEVILLE,KS,US,,Garden City Rgnl,GCK
26200017,35.952424,-112.144345,,Nf-306 At Grand Canyon Airport Rd,TUSAYAN,AZ,US,86023,Grand Canyon National Park Airport,GCN
26200167,47.63206,-117.53754,,W Airport Dr At Post Office,SPOKANE,WA,US,99224,Spokane International Airport,GEG
26201221,47.94791,-97.17419,,27Th Ave At 16Th St,EMERADO,ND,US,,Grand Forks International,GFK
26201316,32.38772,-94.72169,,Sr-322,LONGVIEW,TX,US,,East Texas Regional,GGG
26200208,39.117866,-108.529834,,Horizon Rd At H Rd,GRAND JUNCTION,CO,US,81506,Walker Field,GJT
26202116,39.36845,-101.70748,,N Caldwell Ave,GOODLAND,KS,US,,Renner Field,GLD
26201367,33.38803,-91.00622,,S Raceway Rd,GREENVILLE,MS,US,,Mid Delta Regional,GLH
26202535,45.01735,-84.68765,,1100 Dickerson Rd,GAYLORD,MI,US,,Otsego Co,GLR
26201549,29.26898,-94.854606,,2115 Terminal Dr,GALVESTON,TX,US,,Scholes Int'L,GLS
26201803,34.85004,-82.35144,,100 Tower Dr,GREENVILLE,SC,US,,Greenville Downtown,GMU
26200211,29.678613,-82.27672,,Airport Access Rd At Ne 39Th Ave,GAINESVILLE,FL,US,32609,Gainesville Regional,GNV
26200089,30.415161,-89.071164,,14035 Airport Rd.,GULFPORT,MS,US,39503,Gulfport-Biloxi International Airport,GPT
26200171,44.495602,-88.124731,,Airport Drive At Cr-1A,GREEN BAY,WI,US,54313,Austin Straubel International Airport,GRB
26201178,31.06354,-97.81735,,Mitchell Place Rd,KILLEEN,TX,US,,Robert Gray Aaf,GRK
26200082,42.883811,-85.532601,,44Th St Se At Freight Dr Se,GRAND RAPIDS,MI,US,49512,Gerald R. Ford International Airport,GRR
26200116,36.103723,-79.942768,,S Triad Blvd,GREENSBORO,NC,US,27409,Piedmont Triad International Airport,GSO
26200138,34.889844,-82.215451,,2000 Gsp Drive,GREER,SC,US,29651,Greenville-Spartanburg International Airport,GSP
26200224,47.47939,-111.3568,,Terminal Dr At Airport Way,GREAT FALLS,MT,US,59404,Great Falls International,GTF
26201290,33.46321,-88.58797,,Airport Rd,COLUMBUS,MS,US,,Golden Triangle Regional,GTR
26201265,38.53637,-106.94055,,Airport Rd,GUNNISON,CO,US,,Crested Butte Regional,GUC
26201849,35.515991,-108.780885,,2160 Nm-118,GALLUP,NM,US,,Gallup Muni,GUP
26201327,41.62017,-87.40862,,6001 Industrial Hwy,GARY,IN,US,,Gary/Chicago International,GYY
26200251,40.486957,-107.221628,,38000 Routt Rd,HAYDEN,CO,US,81639,Yampa Valley,HDN
26202139,39.70188,-77.73238,,18358 Showalter Rd,HAGERSTOWN,MD,US,,Richard A Henson Field,HGR
26201739,33.92373,-118.32651,,W 120Th St At Crenshaw Blvd,HAWTHORNE,CA,US,,Jack Northrop Field,HHR
26201364,47.39414,-92.84237,,Sr-370,HIBBING,MN,US,,Chisholm-Hibbing,HIB
26201215,46.61329,-111.99953,,Skyway Dr,HELENA,MT,US,,Helena Regional,HLN
26200051,21.33433,-157.91885,,Rodgers Blvd At Aolele St,HONOLULU,HI,US,96819,Honolulu International Airport,HNL
26201660,32.69658,-103.21412,,Airport Entrance Rd,HOBBS,NM,US,,Lea County,HOB
26201278,59.64027,-151.50059,,Faa Rd,HOMER,AK,US,,Homer,HOM
26202497,44.385271,-98.222491,,520 15Th St Nw,HURON,SD,US,,Huron Rgnl,HON
26201779,34.484942,-93.096272,,550 Airport Rd,HOT SPRINGS,AR,US,,Memorial Field,HOT
26200003,29.658,-95.27661,,Broadway And Airport,HOUSTON,TX,US,77061,William P Hobby Airport,HOU
26200110,41.07297,-73.70602,,Rye Lake And Airport Rd,WHITE PLAINS,NY,US,10604,Westchester County Airport,HPN
26200155,26.221614,-97.66341,,Heritage Way At Eucalyptus,HARLINGEN,TX,US,78550,Valley International Airport,HRL
26201907,36.259548,-93.150918,,1098 Gipson Rd,HARRISON,AR,US,,Boone Co,HRO
26200009,34.64908,-86.7766,,1000 Glen Hearn Blvd,HUNTSVILLE,AL,US,35824,Huntsville International-Carl T. Jones,HSV
26202733,40.961527,-72.246049,,199 Daniels Hole Rd,WAINSCOTT,NY,US,,East Hampton,HTO
26201256,38.3717,-82.55454,,1003 Airport Rd,HUNTINGTON,WV,US,,Tri-State/Milton J. Ferguson Field,HTS
26201555,29.5731,-90.66485,,Airport Rd At Taxi Rd,HOUMA,LA,US,,Terrebonne,HUM
26201245,41.27098,-72.89026,,Fort Hale At Burr St,EAST HAVEN,CT,US,,Tweed New Haven Regional Airport,HVN
26201239,32.22133,-80.6944,,Airport Rd At Gateway Cir,HILTON HEAD ISLAND,SC,US,,Hilton Head,HXD
26200080,41.665591,-70.287492,,480 Barnstable Rd.,HYANNIS,MA,US,2601,Barnstable Municipal Airport,HYA
26202085,38.85547,-99.27353,,E 8Th St,HAYS,KS,US,,Hays Rgnl,HYS
26200006,38.953185,-77.450428,,45037 Saarinen Circle,STERLING,VA,US,20166,Washington Dulles International Airport,IAD
26202420,43.0994,-78.94088,,Williams Rd At Niagara Falls Blvd,NIAGARA FALLS,NY,US,,Niagara Falls Intl,IAG
26200004,29.987372,-95.342132,,18798 John F. Kennedy Blvd,HOUSTON,TX,US,77032,George Bush Intercontinental Airport,IAH
26200067,37.655182,-97.432144,,2173 Air Cargo Rd.,WICHITA,KS,US,67277,Wichita Mid-Continent Airport,ICT
26200213,43.513448,-112.065644,,2198 N Skyline Dr,IDAHO FALLS,ID,US,83402,Fanning Field,IDA
26201220,35.17023,-114.55796,,Airport Rd At Bullhead Pkwy,BULLHEAD,AZ,US,,Laughlin/Bullhead International,IFP
26201836,35.265316,-113.952402,,4300 Mohave Airport Dr,KINGMAN,AZ,US,,Kingman,IGM
26202137,39.683408,-75.609707,,80 Penns Way,NEW CASTLE,DE,US,,New Castle Co,ILG
26200118,34.268091,-77.915335,,1740 Airport Blvd.,WILMINGTON,NC,US,28405,Wilmington International Airport,ILM
26202648,45.8138,-88.11898,,Airport Rd At Riverhills Rd,IRON MOUNTAIN,MI,US,,Ford,IMT
26200061,39.699541,-86.316983,,Skybridge Dr,INDIANAPOLIS,IN,US,46241,Indianapolis International Airport,IND
26201321,48.56931,-93.39674,,Crescent Dr,INTERNATIONAL FALLS,MN,US,,Falls International,INL
26201897,36.136343,-80.230223,,3800 Norfleet Dr,WINSTON-SALEM,NC,US,,Smith Reynolds,INT
26202297,41.639898,-91.539001,,1801 S Riverside Dr,IOWA CITY,IA,US,,Iowa City Muni,IOW
26201293,41.24459,-76.92704,,Airport Rd,WILLIAMSPORT,PA,US,,Williamsport Regional,IPT
26202663,28.289818,-81.434226,,3100 Patrick St,KISSIMMEE,FL,US,,Kissimmee Gateway,ISM
26202635,48.176084,-103.628632,,318 Airport Rd,WILLISTON,ND,US,,Sloulin Intl,ISN
26201310,35.32319,-77.6111,,Sr-1572,KINSTON,NC,US,,Kinston Regional Jetport At Stallings Field,ISO
26200108,40.789253,-73.097379,,117 Arrival Ave,RONKONKOMA,NY,US,11779,Long Island Macarthur Airport,ISP
26200229,42.485043,-76.456777,,110 Brown Road,ITHACA,NY,US,14850,Thompkins County,ITH
26201107,19.71526,-155.05137,,957 Kekuanoa St,HILO,HI,US,,Hilo International,ITO
26202594,46.52078,-90.13493,,Airport Rd At Skyway Rd,IRONWOOD,MI,US,,Gogebic-Iron Co,IWD
26201346,35.64969,-117.82256,,Jackie Dr,INYOKERN,CA,US,,Inyokern,IYK
26200241,43.60076,-110.72421,,Airport Rd At Us-191,JACKSON,WY,US,83001,Jackson Hole,JAC
26200088,32.2905,-90.07127,,Airport Rd At Old Brandon Rd,PEARL,MS,US,32908,Jackson International Airport,JAN
26200042,30.491493,-81.676166,,2400 Yankee Clipper Dr.,JACKSONVILLE,FL,US,32218,Jacksonville International Airport,JAX
26201869,35.834862,-90.653954,,Lindbergh Dr,JONESBORO,AR,US,,Jonesboro Muni,JBR
26200002,40.64493,-73.78703,,Van Wyck Expwy At Jfk Expwy,NEW YORK,NY,US,11430,John F Kennedy International Airport,JFK
26202346,42.148924,-79.272594,,3441 W Oak Hill Rd,JAMESTOWN,NY,US,,Chautauqua Co,JHW
26201373,37.14264,-94.50277,,Dennis Weaver Dr,WEBB CITY,MO,US,,Joplin Regional,JLN
26202608,46.922967,-98.678827,,1480 21St Ave Ne,JAMESTOWN,ND,US,,Jamestown Rgnl,JMS
26200013,58.357187,-134.5789,,1873 Shell Simmons Drive,JUNEAU,AK,US,99801,Juneau International Airport,JNU
26201349,40.31748,-78.82431,,Airport Rd,JOHNSTOWN,PA,US,,John Murtha,JST
26201080,19.72828,-156.03097,,Sr-19,KAILUA KONA,HI,US,,Kona International At Keahole,KOA
26200201,55.4334,-131.6046,,Gravina Island,KETCHIKAN,AK,US,99901,Ketchikan International,KTN
26200084,42.772288,-84.588784,,Capital City Blvd At W Circle Dr,LANSING,MI,US,48906,Capital City Airport,LAN
26202262,41.318811,-105.671563,,500 General Brees Rd,LARAMIE,WY,US,,Laramie Rgnl,LAR
26200098,36.083789,-115.148693,,5757 Wayne Newton Blvd,LAS VEGAS,NV,US,89119,Mccarran International Airport,LAS
26201254,34.57257,-98.40933,,Lawton Municipal Airport,LAWTON,OK,US,,Lawton-Fort Sill Regional,LAW
26200020,33.945479,-118.399829,,Sky Way And World Way,LOS ANGELES,CA,US,90045,Los Angeles International Airport,LAX
26200153,33.657642,-101.835987,,I-27 N At Airport Exit,LUBBOCK,TX,US,79403,Lubbock International Airport,LBB
26201333,40.26946,-79.40413,,Sr-981,LATROBE,PA,US,,Arnold Palmer Regional,LBE
26201960,37.0452,-100.95035,,7Th St N At General Welch Blvd,LIBERAL,KS,US,,Liberal Muni,LBL
26201262,30.13084,-93.21354,,Airport Blvd,LAKE CHARLES,LA,US,,Lake Charles Regional,LCH
26201286,39.82172,-82.94537,,Shook Rd,COLUMBUS,OH,US,,Rickenbacker International,LCK
26202464,43.95536,-86.39835,,N Meyers Rd At Us-10,LUDINGTON,MI,US,,Mason Co,LDM
26202450,43.6288,-72.31316,,Airport Rd At Airpark Rd,LEBANON,NH,US,,Lebanon Muni,LEB
26200070,38.03837,-84.5989,,4000 Terminal Dr.,LEXINGTON,KY,US,40510,Blue Grass Airport,LEX
26200216,30.211055,-91.992,,300 Blue Blvd,LAFAYETTE,LA,US,70508,Lafayette Regional,LFT
26200104,40.771751,-73.871027,,Grand Central Pkwy,EAST ELMHURST,NY,US,11369,Laguardia Airport,LGA
26200033,33.818792,-118.14283,,4100 Donald Douglas Dr.,LONG BEACH,CA,US,90808,Long Beach - Daugherty Field,LGB
26202313,41.77804,-111.85402,,Airport Rd,LOGAN,UT,US,,Logan-Cache,LGU
26200053,21.97818,-159.35087,,Mokulele Loop At Hoolimalima St,LIHUE,HI,US,96766,Lihue Airport,LIH
26200018,34.727807,-92.219144,,1 Airport Rd,LITTLE ROCK,AR,US,72202,Little Rock National Airport-Adams Field,LIT
26201300,42.16658,-121.74682,,3408 Joe Wright Rd,KLAMATH FALLS,OR,US,,Klamath Falls,LMT
26200097,40.846173,-96.754434,,2400 West Adams St.,LINCOLN,NE,US,68524,Lincoln Municipal Airport,LNK
26202299,41.68103,-81.399992,,1885 Lost Nation Rd,WILLOUGHBY,OH,US,,Lost Nation,LNN
26202171,40.116084,-76.299377,,500 Airport Rd,LITITZ,PA,US,,Lancaster,LNS
26201264,20.78532,-156.9617,,Lanai Airport,LANAI CITY,HI,US,,Lanai,LNY
26201217,27.53896,-99.45385,,Bob Bullock Loop,LAREDO,TX,US,,Laredo International,LRD
26201638,32.282713,-106.91963,,8960 Zia Blvd,LAS CRUCES,NM,US,,Las Cruces Intl,LRU
26200240,43.869564,-91.255095,,Fanta Reed Rd At Fishermans Rd,LA CROSSE,WI,US,54603,La Crosse Municipal,LSE
26201353,37.85753,-80.41161,,Airport Rd,LEWISBURG,WV,US,,Greenbrier Valley,LWB
26201240,46.37742,-117.01109,,Lewiston Airport,LEWISTON,ID,US,,Nez Perce County,LWS
26201241,37.33032,-79.20257,,Airport Rd,LYNCHBURG,VA,US,,Preston Glenn Field,LYH
26200154,31.93568,-102.21136,,La Force At Sloan Field,MIDLAND,TX,US,79701,Midland International Airport,MAF
26201041,18.253,-67.1505,,,MAYAGUEZ,PR,US,680,Eugenio Maria De Hostos,MAZ
26202487,44.275933,-86.258197,,1999 E Parkdale Ave,MANISTEE,MI,US,,Blacker Airport,MBL
26200085,43.531686,-84.090118,,Air Terminal Dr At Flight Service Dr,FREELAND,MI,US,48623,Mbs International Airport,MBS
26201980,37.29176,-120.51432,,Macready Dr At Grogan Ave,MERCED,CA,US,,Macready Field,MCE
26200091,39.299255,-94.716957,,International Circle,KANSAS CITY,MO,US,64153,Kansas City International Airport,MCI
26201331,32.70487,-83.64969,,Airport Dr,MACON,GA,US,,Middle Georgia Regional,MCN
26200037,28.442906,-81.307182,,Airport Blvd At Cargo Rd,ORLANDO,FL,US,32827,Orlando International Airport,MCO
26201347,43.14831,-93.33628,,8840 Us-18,CLEAR LAKE,IA,US,,Mason City Municipal,MCW
26200132,40.197119,-76.761121,,Airport Dr.,MIDDLETOWN,PA,US,17057,Harrisburg International Airport,MDT
26200058,41.791509,-87.741563,,5597 S Cicero Ave,CHICAGO,IL,US,60632,Chicago Midway Airport,MDW
26201306,32.34751,-88.74418,,Key Field,MERIDIAN,MS,US,,Key Field,MEI
26200143,35.0486,-89.9819,,Winchester Rd At Terminal Access,MEMPHIS,TN,US,38116,Memphis International Airport,MEM
26200157,26.181349,-98.240481,,2500 S Bicentenial Blvd,MCALLEN,TX,US,78503,Mcallen Miller International Airport,MFE
26200129,42.37011,-122.87931,,Airport At Biddle Rd.,MEDFORD,OR,US,97504,Rogue Valley International Airport,MFR
26200200,32.30767,-86.38929,,Hangar Rd At Richardson Rd,MONTGOMERY,AL,US,36108,Dannelly Field,MGM
26201361,39.64474,-79.92018,,Airport Rd,MORGANTOWN,WV,US,,Walter L. Bill Hart Field,MGW
26201338,39.14314,-96.66317,,Airport Rd,MANHATTAN,KS,US,,Manhattan Regional,MHK
26200100,42.929162,-71.438502,,1 Airport Rd.,MANCHESTER,NH,US,3053,Manchester Airport,MHT
26200036,25.795768,-80.273347,,Nw 21St St At North Lejeune Rd,MIAMI,FL,US,33122,Miami International Airport,MIA
26200169,42.9469,-87.9037,,Terminal And Departures,MILWAUKEE,WI,US,53201,General Mitchell International Airport,MKE
26201282,43.1763,-86.22783,,Airport Rd,MUSKEGON,MI,US,,Muskegon County,MKG
26201244,21.15502,-157.08539,,Mauna Loa Hyw At Airport Loop,MOLOKAI,HI,US,,Molokai,MKK
26200252,28.09355,-80.626426,,Airport Blvd At W Nasa Blvd,MELBOURNE,FL,US,32901,Melbourne International,MLB
26200059,41.45297,-90.49536,,Us-6 At 27Th St,MOLINE,IL,US,61265,Quad City International Airport,MLI
26200218,32.510329,-92.043811,,5400 Operations Rd,MONROE,LA,US,71203,Monroe Regional,MLU
26201997,37.63404,-118.86406,,Hot Creek Hatchery Rd At Airport Rd,MAMMOTH LAKES,CA,US,,Mammoth Yosemite,MMH
26202219,40.7957,-74.42616,,8 Airport Rd,MORRISTOWN,NJ,US,,Morristown Muni,MMU
26200010,30.677553,-88.24291,,Airport Blvd.,MOBILE,AL,US,36695,Mobile Regional Airport,MOB
26201330,37.62553,-120.94811,,Airport Way,MODESTO,CA,US,,Harry Sham Field,MOD
26201233,48.25499,-101.29431,,Airport Rd,MINOT,ND,US,,Minot International,MOT
26202048,38.35673,-97.68535,,Us-81 Bypass At Bridger Ct,MC PHERSON,KS,US,,Mc Pherson,MPR
26201886,36.003777,-86.526996,,278 Doug Warpoole Rd,SMYRNA,TN,US,,Smyrna,MQY
26201329,61.17668,-149.97019,,,ANCHORAGE,AK,US,,Merrill Field,MRI
26200034,36.587312,-121.853153,,200 Fred Kane Drive,MONTEREY,CA,US,93940,Monterey Peninsula Airport,MRY
26202691,34.744154,-87.620177,,3140 Avalon Ave,MUSCLE SHOALS,AL,US,,Northwest Alabama Regl,MSL
26200170,43.137042,-89.347942,,4000 International Lane,MADISON,WI,US,53704,Dane County Regional-Truax Field,MSN
26200095,46.9207,-114.08122,,Momont Rd At I-90-Br,MISSOULA,MT,US,59808,Missoula International Airport,MSO
26200087,44.878985,-93.198008,,5122 Glumack Dr,ST PAUL,MN,US,55111,Minneapolis-St. Paul International Airport,MSP
26202527,44.928844,-74.839547,,491 N Raquette River Rd,MASSENA,NY,US,,Richards Field,MSS
26200071,29.983285,-90.256664,,Airline Hwy At Terminal Access,KENNER,LA,US,70062,Louis Armstrong New Orleans International Airport,MSY
26201229,39.49875,-107.89958,,Airport Terminal,MONTROSE,CO,US,,Montrose Regional,MTJ
26201258,41.38524,-70.60951,,Airport Rd,VINEYARD HAVEN,MA,US,,Marthas Vineyard,MVY
26201350,37.75049,-88.995,,Minuteman Rd,MARION,IL,US,,Williamson County Regional,MWA
26202613,47.18216,-119.32267,,Randolph Rd Ne At Patton Blvd Ne,MOSES LAKE,WA,US,,Grant Co Intl,MWH
26202763,44.89775,-116.09651,,S 3Rd St At Deinhard Ln,MCCALL,ID,US,,Mc Call Muni,MYL
26200140,33.68217,-78.92272,,1100 Jet Port Road,MYRTLE BEACH,SC,US,29577,Myrtle Beach International Airport,MYR
26201566,30.03516,-90.0254,,William T Piper Mall,NEW ORLEANS,LA,US,,Lakefront,NEW
26201216,34.83855,-77.59642,,Sr-1265,RICHLANDS,NC,US,,Albert J Ellis,OAJ
26200023,37.715608,-122.210364,,Airport Dr,OAKLAND,CA,US,94621,Metropolitan Oakland International Airport,OAK
26201546,29.16871,-82.21868,,Sw 60Th Ave At Sw 20Th St,OCALA,FL,US,,Jim Taylor Field,OCF
26201059,20.89475,-156.42727,,Kuhea St,KAHULUI,HI,US,,Kahului,OGG
26202512,44.67708,-75.47628,,5820 Rt-812,OGDENSBURG,NY,US,,Ogdensburg Intl,OGS
26202375,42.56871,-75.52814,,121 Mead Pond Rd,NORWICH,NY,US,,Lt Eaton,OIC
26200125,35.406219,-97.599788,,Terminal Dr At Amelia Earhart Ln,OKLAHOMA CITY,OK,US,73101,Will Rogers World Airport,OKC
26200096,41.297533,-95.900167,,4957 Abbott Dr,OMAHA,NE,US,68110,Eppley Airfield,OMA
26201249,64.50781,-165.43151,,Seppala Dr,NOME,AK,US,99762,Nome,OME
26200026,34.06262,-117.59348,,Airport Dr At N Archibald Ave,ONTARIO,CA,US,91761,Ontario International Airport,ONT
26201506,25.89653,-80.26775,,Nw 135Th St At Nw 42Nd Ave,OPA LOCKA,FL,US,,Opa Locka,OPF
26200057,41.97828,-87.88565,,I-190 At Bessie Coleman Drive,CHICAGO,IL,US,60666,Chicago O'Hare International Airport,ORD
26200160,36.898281,-76.211522,,Norview Ave At Norfolk International,NORFOLK,VA,US,23518,Norfolk International Airport,ORF
26202361,42.268902,-71.867927,,300 Airport Dr,WORCESTER,MA,US,,Worcester Rgnl,ORH
26201538,28.55263,-81.332979,,666 Rickenbacker Dr,ORLANDO,FL,US,,Orlando Executive,ORL
26201285,43.41487,-124.24682,,Airport Way,NORTH BEND,OR,US,,North Bend Municipal,OTH
26202735,41.10216,-92.430139,,15050 Terminal Ave,OTTUMWA,IA,US,,Ottumwa Industrial,OTM
26201250,66.8927,-162.60401,,Kodiak Airport,KOTZEBUE,AK,US,99752,Ralph Wien,OTZ
26202278,41.47973,-73.15671,,Airport Access Rd,OXFORD,CT,US,,Waterbury-Oxford,OXC
26201319,34.19749,-119.20625,,W 5Th St,OXNARD,CA,US,,Oxnard,OXR
26202628,47.907645,-122.27325,,2950 100Th St Sw,EVERETT,WA,US,,Snohomish Co,PAE
26201289,37.0566,-88.76823,,2545 Fisher Rd,PADUCAH,KY,US,,Barkley Regional,PAH
26200041,26.691193,-80.087093,,N Congress Ave At Belvedere Rd,WEST PALM BEACH,FL,US,33315,Palm Beach International Airport,PBI
26201733,33.876502,-84.308617,,1925 Airport Rd,ATLANTA,GA,US,,Dekalb-Peachtree,PDK
26202564,45.689004,-118.838653,,2000 Airport Rd,PENDLETON,OR,US,,Eastern Oregon,PDT
26200127,45.586655,-122.58653,,7000 Ne Airport Way,PORTLAND,OR,US,97218,Portland International Airport,PDX
26200210,30.206017,-85.680641,,3777 Airport Road,PANAMA CITY,FL,US,32405,Bay County,PFN
26201952,36.92366,-111.44999,,N 10Th Ave At Sage Ave,PAGE,AZ,US,,Page Muni,PGA
26201516,26.916849,-82.00411,,27600 Airport Rd,PUNTA GORDA,FL,US,,Charlotte Co,PGD
26201260,35.63288,-77.37871,,N Memorial Dr,GREENVILLE,NC,US,,Pitt-Greenville,PGV
26200163,37.130485,-76.502737,,900 Bland Blvd.,NEWPORT NEWS,VA,US,23602,Newport News Williamsburg International Airport,PHF
26200130,39.875418,-75.248436,,International Plz,PHILADELPHIA,PA,US,19019,Philadelphia International Airport,PHL
26200015,33.436411,-112.01132,,3400 East Sky Harbor Blvd.,PHOENIX,AZ,US,85034,Phoenix Sky Harbor International Airport,PHX
26200214,40.669132,-89.689628,,Dirksen Pkwy At S Maxwell Rd,PEORIA,IL,US,61607,Greater Peoria,PIA
26201337,31.67087,-89.16378,,Hattiesburg-Laurel Airport,LAUREL,MS,US,,Hattiesburg-Laurel Regional,PIB
26200048,27.905011,-82.692362,,Roosevelt Blvd And Terminal Blvd,CLEARWATER,FL,US,33762,St. Petersburg-Clearwater International Airport,PIE
26201279,42.90221,-112.57826,,Terminal Way,POCATELLO,ID,US,,Pocatello Regional,PIH
26201334,44.38209,-100.30454,,Airport Rd,PIERRE,SD,US,,Pierre Regional,PIR
26200131,40.489819,-80.261669,,Return To Terminal And Terminal Acc,PITTSBURGH,PA,US,15231,Pittsburgh International Airport,PIT
26201343,39.34571,-81.4268,,Airport Rd,WILLIAMSTOWN,WV,US,,Gill Robb Wilson Field,PKB
26201280,45.55696,-84.78392,,Us-31,PELLSTON,MI,US,,Pellston Regional Airport,PLN
26202167,40.063722,-75.56691,,9800 Aston Rd,PHILADELPHIA,PA,US,,Ne Philadelphia,PNE
26200045,30.4748,-87.19919,,Airport Blvd At N 12Th Ave,PENSACOLA,FL,US,32504,Pensacola Regional Airport,PNS
26201332,46.69191,-68.04404,,Airport Dr,PRESQUE ISLE,ME,US,,Northern Maine Regional Airport,PQI
26201789,34.649266,-112.428116,,6500 Maccurdy Dr,PRESCOTT,AZ,US,,Love Field,PRC
26200253,46.256008,-119.116666,,N 20Th Ave At W Argent Rd,PASCO,WA,US,99301,Tri - Cities,PSC
26201040,18.0102,-66.564,,,PONCE,PR,US,715,Mercedita,PSE
26201323,56.80084,-132.92743,,Haugen Dr,PETERSBURG,AK,US,,James A Johnson,PSG
26201376,43.080444,-70.80798,150,New Hampshire Ave,PORTSMOUTH,NH,US,,Pease International Airport,PSM
26200030,33.822764,-116.508598,,3400 E. Tahquitz Canyon Way,PALM SPRINGS,CA,US,92262,Palm Springs International Airport,PSP
26202384,42.661771,-83.416822,,6500 Highland Rd,WATERFORD,MI,US,,Oakland Co Intl,PTK
26201560,29.70746,-91.34981,,Zenor Rd At La-182 W,PATTERSON,LA,US,,Williams Meml,PTN
26202041,38.278439,-104.494732,,310 Keeler Pkwy,PUEBLO,CO,US,,Pueblo Memorial,PUB
26201318,46.73956,-117.12616,,Airport Rd,PULLMAN,WA,US,,Pullman/Moscow Regional,PUW
26201370,42.05908,-70.18914,,Race Point Rd,PROVINCETOWN,MA,US,,Provincetown Municipal,PVC
26200136,41.723043,-71.439499,,Airport Connector Rd,WARWICK,RI,US,2886,Theodore Francis Green State Airport,PVD
26202727,40.220182,-111.716612,,1140 Aviation Dr,PROVO,UT,US,,Provo Muni,PVU
26200074,43.647684,-70.312365,,Jetport Access Rd At International Pkwy,PORTLAND,ME,US,4102,Portland International Jetport,PWM
26200235,44.042054,-103.060125,,4072 Airport Road,CAPUTA,SD,US,57703,Rapid City Regional,RAP
26201248,40.50586,-122.30273,,6855 Airport Rd,REDDING,CA,US,,Redding Municipal,RDD
26202728,40.372552,-75.96633,,2350 Bernville Rd,READING,PA,US,,Carl Spaatz Field,RDG
26200232,44.25339,-121.16476,,Jesse Butler Cir At Airport Way,REDMOND,OR,US,97756,Roberts Field,RDM
26200114,35.8697,-78.7952,,Departure Dr At Terminal Blvd,MORRISVILLE,NC,US,27623,Raleigh-Durham International Airport,RDU
26201226,42.20304,-89.09601,,Airport Circle,ROCKFORD,IL,US,,Greater Rockford,RFD
26201267,45.6222,-89.45966,,Airport Rd,RHINELANDER,WI,US,,Rhinelander-Oneida County,RHI
26200161,37.508774,-77.332737,,34 Richard E Byrd Terminal Dr,RICHMOND,VA,US,23250,Richmond International Airport,RIC
26201351,43.06003,-108.4571,,Airport Rd,RIVERTON,WY,US,,Riverton Regional,RIW
26202478,44.061232,-69.094192,,23 Terminal Ln,OWLS HEAD,ME,US,,Knox Co Regl,RKD
26201531,28.078258,-97.040683,,317 Airport Rd,ROCKPORT,TX,US,,Aransas Co,RKP
26201341,41.5993,-109.09057,,Sr-370,ROCK SPRINGS,WY,US,,Sweetwater County,RKS
26200099,39.50587,-119.779407,,2001 East Plumb Lane,RENO,NV,US,89502,Reno-Tahoe International Airport,RNO
26200162,37.317611,-79.967961,,Aviation Drive Nw At Towne Square Blvd Nw,ROANOKE,VA,US,24012,Roanoke Regional Airport,ROA
26200107,43.13075,-77.6705,,Brooks Ave At Airport Way,ROCHESTER,NY,US,14624,Greater Rochester International Airport,ROC
26201702,33.30697,-104.520687,,2 W Challenger St,ROSWELL,NM,US,,Roswell Industrial,ROW
26200221,43.917046,-92.487958,,Cr-16 Sw At Helgerson Dr Sw,ROCHESTER,MN,US,55902,Rochester International,RST
26202771,26.515,-81.7651,,Terminal Access Rd,FORT MYERS,FL,US,,Southwest Florida International Airport,RSW
26202651,43.529,-72.945,,1030 Airport Rd,RUTLAND,VT,US,,Rutland Regional,RUT
26201365,35.61923,-106.08113,,Aviation Dr,SANTA FE,NM,US,,Santa Fe Municipal,SAF
26200022,32.72924,-117.19505,,N Harbor Dr At Harbor Island Dr,SAN DIEGO,CA,US,92101,San Diego International Airport-Lindbergh Field,SAN
26200151,29.524535,-98.474212,,Airport Blvd At Terminal Access,SAN ANTONIO,TX,US,78216,San Antonio International Airport,SAT
26200050,32.13379,-81.21368,,655 Airways Ave.,SAVANNAH,GA,US,31408,Savannah International Airport,SAV
26201247,46.33477,-87.38249,,225 Airport Ave,GWINN,MI,US,,Sawyer International,SAW
26200032,34.425649,-119.835201,,500 Fowler Rd.,GOLETA,CA,US,93117,Santa Barbara Municipal Airport,SBA
26200062,41.700596,-86.310496,,Airport Blvd At Progress Dr,SOUTH BEND,IN,US,46628,South Bend Regional Airport,SBN
26200204,35.238949,-120.640557,,908 Airport Drive,SAN LUIS OBISPO,CA,US,93401,Mcchesney Field,SBP
26201246,38.34196,-75.51936,,5510 Airport Rd,SALISBURY,MD,US,,Salisbury Wicomico Regional,SBY
26201345,70.197617,-148.457989,,James Dalton Hwy,PRUDHOE BAY,AK,US,99734,Deadhorse,SCC
26202018,37.892655,-121.251083,,5000 S Airport Way,STOCKTON,CA,US,,Stockton Metropolitan,SCK
26200069,38.18812,-85.74556,,600 Terminal Dr.,LOUISVILLE,KY,US,40209,Louisville International-Standiford Field,SDF
26200165,47.454989,-122.300489,,Air Cargo At 160Th St,SEATTLE,WA,US,98158,Seattle-Tacoma International Airport,SEA
26200046,28.77514,-81.24169,,1 Red Cleveland Blvd.,SANFORD,FL,US,32773,Orlando Sanford International Airport,SFB
26200021,37.613861,-122.39382,,International Terminal,BURLINGAME,CA,US,94128,San Francisco International Airport,SFO
26200092,37.241884,-93.37947,,4940 W. Kearney,SPRINGFIELD,MO,US,65803,Springfield-Branson Regional Airport,SGF
26201257,37.09507,-113.59033,,Airport Rd,ST GEORGE,UT,US,,St George Municipal,SGU
26202039,38.26401,-78.9001,,2 Aviation Cir,MEYERS CAVE,VA,US,,Shenandoah Valley Regl,SHD
26201344,44.77691,-106.96564,,Airport Rd,SHERIDAN,WY,US,,Sheridan County,SHR
26200073,32.456721,-93.82683,,Airport Service Rd At Hollywood Ave.,SHREVEPORT,LA,US,71109,Shreveport Regional Airport,SHV
26201039,18.45752,-66.08742,,Calle Lindbergh,SAN JUAN,PR,US,907,Aeropuerto De Las Isla Grande,SIG
26201235,57.04556,-135.34969,,Airport Dr,SITKA,AK,US,,Rocky Gutierrez Airport,SIT
26200001,37.367019,-121.925324,,Airport Blvd And Terminal A Acc,SAN JOSE,CA,US,95110,Mineta San Jose International Airport,SJC
26201243,31.35762,-100.50424,,Hanger Rd,SAN ANGELO,TX,US,,Mathis Field,SJT
26201036,18.436689,-66.009484,,Carr 187,CAROLINA,PR,US,,Luis Munoz Marin International,SJU
26200158,40.778939,-111.981938,,Terminal Acc At Airport Exit,SALT LAKE CITY,UT,US,84101,Salt Lake City International Airport,SLC
26202524,44.91019,-123.00831,,2990 25Th St Se,SALEM,OR,US,,Mcnary Field,SLE
26202496,44.37857,-74.2016,,Airport Rd At Lilac Ln,SARANAC LAKE,NY,US,,Adirondack Regl,SLK
26202078,38.78368,-97.632027,,1590 W Schilling Rd,SALINA,KS,US,,Salina Muni,SLN
26200024,38.693471,-121.590198,,Airport Blvd At Earhart Dr,SACRAMENTO,CA,US,95837,Sacramento International Airport,SMF
26202539,45.113339,-113.887592,,232 Airport Rd,SALMON,ID,US,,Lemhi Co,SMN
26201750,34.01531,-118.44738,,Airport Ave At Donald Douglas Loop,SANTA MONICA,CA,US,,Santa Monica Muni,SMO
26201281,34.90152,-120.4481,,Terminal Dr,SANTA MARIA,CA,US,,Capt G Allan Hancock Field,SMX
26200025,33.681355,-117.858763,,18601 Airport Way,SANTA ANA,CA,US,92707,John Wayne Airport - Orange County,SNA
26202686,34.25944,-110.00817,,Corporate Way,SHOW LOW,AZ,US,,Show Low Rgnl,SOW
26200254,39.84468,-89.66449,,Il-29 At Capital Airport Dr,SPRINGFIELD,IL,US,62707,Capital,SPI
26201261,33.96314,-98.51353,,Sheppard Access Rd,WICHITA FALLS,TX,US,,Sheppard Afb/Wichita Falls Municipal,SPS
26200044,27.38687,-82.55175,,6000 Airport Circle,SARASOTA,FL,US,34243,Sarasota Bradenton International Airport,SRQ
26201598,31.15302,-81.383715,,2 Airport Rd,ST SIMONS ISLAND,GA,US,,Malcolm Mckinnon,SSI
26201311,45.55181,-94.07595,,12Th St Se,ST. CLOUD,MN,US,,St. Cloud Regional,STC
26200090,38.742256,-90.36629,,Lambert St. Louis International Arrivals,ST LOUIS,MO,US,63101,Lambert St. Louis International Airport,STL
26202529,44.937278,-93.069715,,240 Airport Rd,ST PAUL,MN,US,,St Paul Downtown,STP
26202056,38.51092,-122.804019,,2397 Airport Blvd,SANTA ROSA,CA,US,,Sonoma Co,STS
26201044,18.3375,-64.959,,Moravian Hwy,CHARLOTTE AMALIE,VI,US,802,Cyril E King,STT
26201045,17.6969,-64.798,,E Airport Rd,CHRISTIANSTED,VI,US,820,Henry E Rohlsen,STX
26201518,27.175821,-80.23077,,1800 Se Airport Rd,STUART,FL,US,,Witham - Martin County,SUA
26201237,43.51281,-114.30739,,S Main St At Airport Way,HAILEY,ID,US,,Friedman Memorial,SUN
26201271,42.40024,-96.37741,,Ogden Ave,SIOUX CITY,IA,US,,Col. Bud Day Field,SUX
26202675,32.63003,-108.16482,,Airport Rd At S Ridge Rd,HURLEY,NM,US,,Grant Co,SVC
26202185,40.374794,-120.580308,,414 Johnstonville Rd N,SUSANVILLE,CA,US,,Susanville Muni,SVE
26200111,41.502546,-74.103959,,2268 Perimeter Rd,NEW WINDSOR,NY,US,12553,Stewart International Airport,SWF
26201899,36.15948,-97.079666,,1900 W Airport Rd,STILLWATER,OK,US,,Stillwater Rgnl,SWO
26200109,43.113662,-76.117885,,1000 Col. Eileen Collins Blvd.,SYRACUSE,NY,US,13212,Syracuse Hancock International Airport,SYR
26201699,33.223598,-87.609647,,7601 Robert Cardinal Dr,TUSCALOOSA,AL,US,,Tuscaloosa Rgnl,TCL
26202225,40.854211,-74.066177,,399 Industrial Ave,TETERBORO,NJ,US,,Teterboro,TEB
26201325,37.95316,-107.89693,,Airport Rd,TELLURIDE,CO,US,,Telluride Regional,TEX
26200047,30.39785,-84.345123,,3000 Capital Circle Sw & S. Lake Bradford Rd.,TALLAHASSEE,FL,US,32310,Tallahassee Regional Airport,TLH
26201505,25.64822,-80.415661,,12800 Sw 137Th Ave,MIAMI,FL,US,,Kendall-Tamiami Executive,TMB
26200124,41.59581,-83.805965,,Airport Hwy At E Airport Service Rd,SWANTON,OH,US,43558,Toledo Express Airport,TOL
26200038,27.9746,-82.5354,,Airport Entrance At Terminal Acc,TAMPA,FL,US,33607,Tampa International Airport,TPA
26200255,36.480796,-82.408537,,Airport Parkway,BLOUNTVILLE,TN,US,37617,Tri-Cities Regional,TRI
26201404,33.64168,-116.16373,,56000 Higgins Dr,THERMAL,CA,US,,Jacqueline Cochran Regional,TRM
26202178,40.215001,-74.600066,,99 Sharon Rd,TRENTON,NJ,US,,Trenton,TTN
26200126,36.188376,-95.888568,,7777 East Apache,TULSA,OK,US,74115,Tulsa International Airport,TUL
26201295,34.2567,-88.76593,,Air Park Rd,TUPELO,MS,US,,C D Lemons Airport,TUP
26200016,32.12683,-110.9347,,Tucson And Elvira,TUCSON,AZ,US,85706,Tucson International Airport,TUS
26200219,44.744829,-85.583191,,1227 Airport Access Rd,TRAVERSE CITY,MI,US,49686,Cherry Capital,TVC
26202632,48.066375,-96.176884,,711 Airport Dr,THIEF RIVER FALLS,MN,US,,Thief River Falls Rgnl,TVF
26201266,42.49064,-114.48015,,N 2900 E,TWIN FALLS,ID,US,,Joslin Field,TWF
26201288,33.45944,-93.99628,,Airport Dr,TEXARKANA,AR,US,,Webb Field,TXK
26201225,32.36275,-95.39817,,120 Airport Dr,TYLER,TX,US,,Tyler Pounds Regional,TYR
26200145,35.807198,-83.987928,,Airport Hwy.,ALCOA,TN,US,37701,Mcghee Tyson Airport,TYS
26201728,33.743801,-116.270429,,79880 42Nd Ave,INDIO,CA,US,,Bermuda Dunes,UDD
26202161,39.933056,-91.193803,,1650 N 1200Th Ave,QUINCY,IL,US,,Baldwin Field,UIN
26200234,40.852201,-77.851734,,Fox Hill Rd At High Tech Rd,BELLEFONTE,PA,US,16823,University Park,UNV
26201362,28.83992,-96.91346,,Us-59 Bus,VICTORIA,TX,US,,Victoria Regional,VCT
26201307,34.57955,-117.36513,,Cory Blvd,VICTORVILLE,CA,US,,Southern California International,VCV
26201336,61.12296,-146.26601,,Airport Rd,VALDEZ,AK,US,,Valdez Pioneer Field,VDZ
26202189,40.448558,-109.515583,,700 500 St S,VERNAL,UT,US,,Vernal,VEL
26200225,36.20758,-115.2015,,2600 Airport Drive,NORTH LAS VEGAS,NV,US,89032,North Las Vegas Air Terminal,VGT
26201913,36.32493,-119.3911,,9100 W Airport Dr,VISALIA,CA,US,,Visalia Muni,VIS
26201270,30.787,-83.27111,,Madison Hwy,VALDOSTA,GA,US,,Valdosta Regional,VLD
26201762,34.213461,-118.483688,,7885 Woodley Ave,VAN NUYS,CA,US,,Van Nuys,VNY
26200256,30.51335,-86.51211,,1701 N Hwy 85,VALPARAISO,FL,US,32542,Eglin Afb,VPS
26201043,18.1349,-65.5,,,ISLA DE VIEQUES,PR,US,765,Antonio Rivera Rodriguez,VQS
26201523,27.645969,-80.419737,,2600 Airport Dr,VERO BEACH,FL,US,,Vero Beach Muni,VRB
26201363,56.47866,-132.37711,,Airport Rd,WRANGELL,AK,US,,Wrangell,WRG
26202468,43.9788,-107.953352,,1400 Airport Rd,WORLAND,WY,US,,Worland Muni,WRL
26202266,41.34917,-71.811626,,56 Airport Rd,WESTERLY,RI,US,,Westerly State,WST
26200019,36.25679,-94.29274,,1 Airport Blvd,BENTONVILLE,AR,US,72712,Northwest Arkansas Regional Airport,XNA
26202357,42.236363,-83.551628,,2700 Airport Rd,YPSILANTI,MI,US,,Willow Run,YIP
26201251,46.57027,-120.53958,,Yakima Air Terminal,YAKIMA,WA,US,,Mcallister Field,YKM
26202256,41.257445,-80.663789,,1450 Youngstown Kingsville Rd Ne,VIENNA,OH,US,,Youngstown-Warren,YNG
11129900001,49.958621,-125.256617,,2098 JUBILEE PKWY,CAMPBELL RIVER,BC,CA,,CAMPBELL RIVER AIRPORT,YBL
11129900002,49.082344,-123.02409,,4300 72ND ST,DELTA,BC,CA,,BOUNDARY BAY AIRPORT,YDT
11129900003,53.308791,-113.540512,,8447 AIRPORT RD,LEDUC COUNTY,AB,CA,,EDMONTON INTERNATIONAL AIRPORT,YEG
11129900004,45.885069,-66.548967,,77 HWY-102,LINCOLN,NB,CA,,GREATER FREDERICTON AIRPORT,YFC
11129900005,43.163951,-79.947938,,9298 AIRPORT RD W,HAMILTON,ON,CA,,JOHN C MUNRO HAMILTON INTERNATIONAL AIRPORT,YHM
11129900006,44.880678,-63.521838,,18 BELL BOULEVARD,HALIFAX,NS,CA,,HALIFAX INTERNATIONAL AIRPORT,YHZ
11129900007,50.708711,-120.430689,,2831 AIRPORT RD,KAMLOOPS,BC,CA,,KAMLOOPS AIRPORT,YKA
11129900008,49.97047,-119.38405,,6397 AIRPORT WAY,KELOWNA,BC,CA,,KELOWNA INTERNATIONAL AIRPORT,YLW
11129900010,49.104041,-122.624519,,5464 216TH ST,LANGLEY TWP,BC,CA,,LANGLEY MUNICIPAL AIRPORT,YNJ
11129900011,45.326643,-75.657081,,AIRPORT PKY,OTTAWA,ON,CA,,OTTAWA MACDONALD-CARTIER INTERNATIONAL AIRPORT,YOW
11129900012,46.795421,-71.375219,,573 RUE PRINCIPALE,QUÉBEC,QC,CA,,JEAN LESAGE INTERNATIONAL AIRPORT,YQB
11129900013,42.264332,-82.961888,,2901 CR-42,TECUMSEH,ON,CA,,WINDSOR AIRPORT,YQG
11129900014,46.115611,-64.69758,,VETERANS HWY,DIEPPE,NB,CA,,GREATER MONCTON AIRPORT,YQM
11129900015,49.702861,-124.916278,,1499 KNIGHT RD,COMOX,BC,CA,,COMOX VELLEY AIRPORT,YQQ
11129900016,50.434859,-104.644768,,REGINA AVE,REGINA,SK,CA,,REGINA AIRPORT,YQR
11129900017,48.37326,-89.309348,,200 SIFTON AVE,THUNDER BAY,ON,CA,,THUNDER BAY INTERNATIONAL AIRPORT,YQT
11129900018,43.635648,-79.3983,,5 BATHURST ST,TORONTO,ON,CA,,TORONTO CITY CENTRE AIRPORT,YTZ
11129900019,45.450519,-73.751939,,975 BOULEVARD ALBERT-DE-NIVERVILLE,MONTRÉAL,QC,CA,,AÉROPORT INTERNATIONAL P-E-TRUDEAU DE MTL AIRPORT,YUL
11129900020,49.19328,-123.15065,,GRANT MCCONACHIE WAY,RICHMOND,BC,CA,,VANCOUVER INTERNATIONAL AIRPORT,YVR
11129900021,49.901591,-97.209308,,1821 WELLINGTON AVE,WINNIPEG,MB,CA,,WINNIPEG INTERNATIONAL AIRPORT,YWG
11129900022,52.188181,-122.083138,,AIRPORT RD,CARIBOO,BC,CA,,WILLIAMS LAKE AIRPORT,YWL
11129900023,53.568548,-113.526399,,198 AIRPORT RD NW,EDMONTON,AB,CA,,EDMONTON CITY CENTRE AIRPORT,YXD
11129900024,52.16794,-106.688368,,2564 AIRPORT DR,SASKATOON,SK,CA,,JOHN G DIEFENBAKER INT AIRPORT,YXE
11129900025,53.865789,-122.65655,,8150 JOHNSON RD,FRASER-FORT GEORGE,BC,CA,,PRINCE GEORGE AIRPORT,YXS
11129900026,54.5106,-128.557327,,4199 SUBSTATION AVE,KITIMAT-STIKINE,BC,CA,,NORTHWEST REGIONAL AIRPORT TERRACE-KITIMAT,YXT
11129900027,43.024231,-81.153758,,1750 CRUMLIN SDRD,LONDON,ON,CA,,LONDON INTERNATIONAL AIRPORT,YXU
11129900028,49.020511,-122.387237,,1658 LIBERATOR AVE,ABBOTSFORD,BC,CA,,ABBOTSFORD INTERNATIONAL AIRPORT,YXX
11129900029,46.35497,-79.424019,,1297 AIRPORT RD,NORTH BAY,ON,CA,,NORTH BAY JACK GARLAND AIRPORT,YYB
11129900030,51.139411,-114.01327,,AIRPORT TRL NE,CALGARY,AB,CA,,CALGARY INTERNATIONAL AIRPORT,YYC
11129900031,49.457513,-119.60709,,3298 AIRPORT RD,PENTICTON,BC,CA,,PENTICTON REGIONAL AIRPORT,YYF
11129900032,46.284701,-63.13738,,298 SHERWOOD RD,CHARLOTTETOWN,PEI,CA,,CHARLOTTETOWN AIRPORT,YYG
11129900033,48.638102,-123.430609,,1600 ELECTRA BLVD,NORTH SAANICH,BC,CA,,VICTORIA INTERNATIONAL AIRPORT,YYJ
11129900034,43.68588,-79.606911,,5836 JETLINER RD,MISSISSAUGA,ON,CA,,LESTER B PEARSON INTERNATIONAL AIRPORT,YYZ
11129900036,48.342911,-71.005619,,RTE-170,SAGUENAY,QC,CA,,AEROPORT DE BAGOTVILLE,YBG
11129900037,48.94669,-54.58187,,JAMES BLVD,GANDER,NL,CA,,GANDER INTERNATIONAL AIRPORT,YQX
11129900038,44.219542,-76.593936,,LEN BIRCHALL WAY,KINGSTON,ON,CA,,NORMAN ROGERS AIRPORT,YGK
11129900039,43.44885,-80.390551,,RIVERBANK DR,WOOLWICH,ON,CA,,REGION OF WATERLOO INT'L AIRPORT,YKF
11129900040,45.682092,-74.049339,,RUE LOUIS-BISSON,MIRABEL,QC,CA,,AEROPORT INT'L DE MONTREAL-MIRABEL,YMX
11129900041,49.053749,-123.877408,,SPIT FIRE RD,NANAIMO DISTRICT,BC,CA,,NANAIMO AIRPORT,YCD
11129900042,45.331219,-65.889209,,GREENWOOD LN,SAINT JOHN,NB,CA,,SAINT JOHN AIRPORT,YSJ
11129900043,47.60914,-52.742417,,RADIO RANGE RD,SAINT JOHN'S,NL,CA,,ST  JOHN'S INTERNATIONAL AIRPORT,YYT
11129900045,42.993961,-82.309789,,UBE RD,SARNIA,ON,CA,,SARNIA CHRIS HADFIELD AIRPORT,YZR
11129900046,46.611679,-80.815398,,PRIVATE RD,GREATER SUDBURY,ON,CA,,GREATER SUDBURY AIRPORT,YSB
11129900047,46.167294,-60.048136,,SILVER DART WAY,CAPE BRETON,NS,CA,,SYDNEY AIRPORT,YQY
11129900048,48.52966,-81.377151,,KRAFT CREEK BLVD,TIMMINS,ON,CA,,TIMMINS AIRPORT,YTS
11129900049,60.714842,-135.081911,,OTTER RD,WHITEHORSE,YT,CA,,WHITEHORSE INTERNATIONAL AIRPORT,YXY
11129900050,62.466923,-114.413722,,AIRPORT ST,YELLOWKNIFE,NT,CA,,YELLOWKNIFE AIRPORT,YZF
11128100000,25.789871,-100.141844,,CARRETERA A CIUDAD MIGUEL ALEMAN,NUEVO LEON,NUEVO LEON,MX,9000,AEROPUERTO INT'L MARIANO ESCOBEDO,MTY
11128100001,20.530277,-103.29436,,SOLIDARIDAD IBEROAMERICANA,TLAQUEPAQUE,JALISCO,MX,45500,AEROPUERTO INT'L MIGUEL HIDALGO GDL,GDL
11128100002,19.435047,-99.084575,,393 CIRCUITO INTERIOR,PENON DE LOS BANOS,DISTRITO FEDERAL,MX,15000,AEROPUERTO INT'L BENITO JUAREZ,MEX
11128100003,16.762862,-99.753986,,,ACAPULCO,GURRERO,MX,,GEN JUAN N ALVAREZ INTL,ACA
11128100004,26.321721,-99.548078,,,AGUALEGUAS,NUEVO LEÓN,MX,,AGUALEGUAS,MMAL
11128100005,25.859588,-100.237763,,,MONTERREY,NUEVO LEÓN,MX,,DEL NORTE INTL,NTR
11128100006,21.70216,-102.313646,,,AGUASCALIENTES,AGUASCALIENTES,MX,,JESUS TERAN INTL,AGU
11128100007,15.7681,-96.257986,,,SANTA CRUZ,OAXACA,MX,,BAHIAS DE HUATULCO,HUX
11128100008,18.829454,-99.259516,,,CUERNAVACA,MORELOS,MX,,GEN MARIANO MATAMOROS,CVJ
11128100009,29.330507,-100.976434,,,CIUDAD ACUÑA,COAHUILA,MX,,CIUDAD ACUÑA,ACN
11128100010,18.649831,-91.805563,,,CIUDAD DEL CARMEN,CAMPECHE,MX,,CIUDAD DEL CARMEN,CME
11128100011,30.40565,-107.8756,,,NUEVO CASAS GRANDES,CHIHUAHUA,MX,,NUEVO CASAS GRANDES,NCG
11128100012,17.572553,-99.512688,,,CHILPANCINGO,GUERRERO,MX,,CHILPANCINGO,MMCH
11128100013,24.77459,-107.466423,,,CULIACAN,SINALOA,MX,,FED DE BACHIGUALATO INTL,CUL
11128100014,18.50679,-88.32419,,,CHETUMAL,QUINTANA ROO,MX,,CHETUMAL,CTM
11128100015,27.402848,-109.826781,,,CIUDAD OBREGÓN,SONORA,MX,,CIUDAD OBREGÓN,CEN
11128100016,16.170569,-92.054567,,,COMITÁN,CHIAPAS,MX,,SAN ANTONIO COPALAR,CJT
11128100017,19.814253,-90.50695,,,CAMPECHE,CAMPECHE,MX,,ING ALBERTO ACUÑA ONGAY,CPE
11128100018,31.638248,-106.437716,,,CIUDAD JUÁREZ,CHIHUAHUA,MX,,ABRAHAM GONZALEZ INTL,CJS
11128100019,20.637059,-88.451546,,,CHICHEN ITZA,YUCATAN,MX,,CHICHEN ITZA,CZA
11128100020,28.704312,-105.971108,,,CHIHUAHUA,CHIHUAHUA,MX,,GEN ROBERTO FIERRO VILLALOBOS,CUU
11128100021,23.71611,-98.95655,,,CIUDAD VICTORIA,TAMAULIPAS,MX,,GEN PEDRO J. MÉNDEZ,CVM
11128100022,20.545918,-100.897068,,,CELAYA,GUANAJUATO,MX,,CAPTAIN ROGELIO CASTILLO,MMCY
11128100023,20.509922,-86.930473,,,COZUMEL,QUINTANA ROO,MX,,COZUMEL,CZM
11128100024,22.74948,-99.01535,,,CIUDAD MANTE,TAMAULIPAS,MX,,CUAUHTEMOC,MMC
11128100025,24.125809,-104.53908,,,DURANGO,DURANGO,MX,,GEN GUADALUPE VICTORIA,DGO
11128100026,21.415969,-104.835083,,,TEPIC,NAYARIT,MX,,AMADO NERVO NAT'L,TPQ
11128100027,31.79912,-116.59463,,,ENSENADA,BC,MX,,GEN ALBERTO L SALINAS,ESE
11128100029,27.969581,-110.920824,,,GUAYMAS,SONORA,MX,,GENERAL JOSÉ MARÍA YÁÑEZ INT'L,GYM
11128100030,28.024595,-114.011108,,,,BCN,MX,,GUERRERO NEGRO,GUB
11128100031,20.911759,-101.344414,,,GUANAJUATO,GUANAJUATO,MX,,LOS INFANTES,MMGT
11128100032,18.49196,-97.419405,,,TEHUACÁN,PUEBLA,MX,,TEHUACÁN,TCN
11128100033,29.089849,-111.047063,,,HERMOSILLO,SONORA,MX,,GEN IGNACIO PESQUEIRA GARCIA,HMO
11128100034,19.282245,-103.579939,,,COLIMA,COLIMA,MX,,LIC MIGUEL DE LA MADRID,CLQ
11128100035,21.245841,-86.739579,,,ISLA MUJERES,QUINTANA ROO,MX,,ISLA MUJERES,ISJ
11128100036,25.549465,-100.933871,,,SALTILLO,COAHUILA,MX,,PLAN DE GUADALUPE INTL,SLW
11128100037,16.450802,-95.085033,,,IXTEPEC,OAXACA,MX,,IXTEPEC,IZT
11128100038,19.476958,-96.7906,,,JALAPA,VERACRUZ,MX,,EL LENCERO,JAL
11128100039,17.996472,-102.22345,,,LÁZARO CÁRDENAS,MICHOACÁN DE OCAMPO,MX,,LÁZARO CÁRDENAS,LZC
11128100040,25.691573,-109.081887,,,LOS MOCHIS,SINALOA,MX,,VALLE DEL FUERTE INTERNATIONAL,LMM
11128100041,20.981447,-101.480261,,,SILAO,GUANAJUATO,MX,,GUANAJUATO INTL,BJX
11128100042,24.091746,-110.367878,,,LA PAZ,BAJA CALIFORNIA SUR,MX,,GEN MANUEL MARQUEZ DE LEON,LAP
11128100043,25.9884,-111.367022,,,LORETO,BAJA CALIFORNIA SUR,MX,,LORETO,LTO
11128100044,25.773052,-97.536805,,,MATAMOROS,TAMAULIPAS,MX,,GEN SERVANDO CANALES INTL,MAM
11128100045,20.937004,-89.667852,,,MERIDA,YUCATAN,MX,,LIC MANUEL CRECENCIO REJON,MID
11128100046,26.903672,-111.964356,,,MULEGE,BCS,MX,,MULEGE,MUG
11128100047,32.627167,-115.25037,,,MEXICALI,BC,MX,,GEN RODOLFO SÁNCHEZ TABOADA,MXL
11128100048,19.84002,-101.02339,,,MORELIA,MICHOACAN,MX,,GEN FRANCISCO J MUJICA INTL,MLM
11128100049,18.102133,-94.574153,,,MINATITLAN,VERACRUZ,MX,,MINATITLÁN/COATZACOALCOS NAT'L,MTT
11128100050,26.954527,-101.458288,,,MONCLOVA,COAHUILA,MX,,VENUSTIANO CARRANZA INT'L,LOV
11128100053,23.169509,-106.274355,,,MAZATLAN,SINALOA,MX,,GEN RAFAEL BUELNA INTL,MZT
11128100054,31.22543,-110.969416,,,NOGALES,SONORA,MX,,NOGALES,NOG
11128100055,27.448893,-99.566374,,,NUEVO LAREDO,TAMAULIPAS,MX,,QUETZALCÓATL INTL,NLD
11128100056,17.002448,-96.713132,,,OAXACA,OAXACA,MX,,XOXOCOTLÁN INTL,OAX
11128100057,20.598456,-97.463413,,,POZA RICA,VERACRUZ,MX,,EL TAJIN NATIONAL,PAZ
11128100058,19.163869,-98.377201,,,HUEJOTZINGO,PUEBLA,MX,,HERMANOS SERDAN INTL,PBC
11128100059,20.072242,-98.779014,,,PACHUCA,HIDALGO,MX,,ING JUAN GUILLERMO VILLASANA,PCA
11128100060,31.352376,-113.517066,,,PUNTA PEÑASCO,SONORA,MX,,PUNTA PEÑASCO,PPE
11128100061,28.628934,-100.545065,,,PIEDRAS NEGRAS,COAHUILA,MX,,PIEDRAS NEGRAS,PDS
11128100062,19.401948,-102.041478,,,URUAPAN,MICHOACÁN DE OCAMPO,MX,,GEN IGNACIO LOPEZ RAYON,UPN
11128100063,23.802669,-109.708417,,,PUNTA PESCADERO,BCS,MX,,PUNTA PESCADERO,MMPP
11128100064,17.532396,-91.991783,,,PALENQUE,CHIAPAS,MX,,PALENQUE,PQM
11128100065,20.676518,-105.248897,,,PUERTO VALLARTA,JALISCO,MX,,LIC GUSTAVO DIAZ ORDAZ INTL,PVR
11128100066,15.873774,-97.090045,,,PUERTO ESCONDIDO,OAXACA,MX,,PUERTO ESCONDIDO,PXM
11128100067,20.626684,-100.183842,,,QUERÉTARO,QUERÉTARO,MX,,ING F. ESPINOZA GUTIERREZ INTL,QRO
11128100068,26.019461,-98.225931,,,REYNOSA,TAMAULIPAS,MX,,GEN LUCIO BLANCO,REX
11128100069,16.692416,-92.54131,,,SAN CRISTÓBAL DE LAS CASAS,CHIAPAS,MX,,SAN CRISTÓBAL DE LAS CASAS,SZT
11128100070,23.156597,-109.708439,,,SAN JOSE DEL CABO,BAJA CALIFORNIA SUR,MX,,LOS CABOS INTL,SJD
11128100071,30.933091,-114.806925,,,SAN FELIPE,BC,MX,,SAN FELIPE,SFH
11128100072,19.75303,-98.99802,,,REYES ACOZAC,MÉXICO,MX,,SANTA LUCIA AFB,MMSM
11128100073,22.249174,-100.9351,,,SAN LUIS POTOSI,SAN LUIS POTOSÍ,MX,,PONCIANO ARRIAGA INTL,SLP
11128100074,19.526438,-98.179206,,,TLAXCALA,TLAXCALA,MX,,TLAXCALA,MMTA
11128100075,16.74271,-93.17127,,,TUXTLA GUTIÉRREZ,CHIAPAS,MX,,GEN DIV P A ANGEL H CORZO MOLINA,MMTB
11128100076,25.562995,-103.398085,,,TORREÓN,COAHUILA,MX,,FRANCISCO SARABIA INT'L,TRC
11128100077,16.564975,-93.011489,,,TUXTLA GUTIÉRREZ,CHIAPAS,MX,,FRANCISCO SARABIA NATIONAL,TGZ
11128100078,32.547001,-116.974762,,,TIJUANA,BAJA CALIFORNIA NORTE,MX,,GEN ABELARDO L RODRIGUEZ INTL,TIJ
11128100079,22.288511,-97.871008,,,TAMPICO,TAMAULIPAS,MX,,GEN FRANCISCO JAVIER MINA,TAM
11128100080,22.045541,-98.80453,,,TAMUIN,SAN LUIS POTOSI,MX,,TAMUIN,TSL
11128100081,19.334817,-99.57381,,,TOLUCA,MÉXICO,MX,,LIC ADOLFO LOPEZ MATEOS INTL,TLC
11128100082,14.78784,-92.365578,,,TAPACHULA,CHIAPAS,MX,,TAPACHULA,TAP
11128100083,19.5929,-103.377921,,,TUXPAN,JALISCO,MX,,ZAPOTILTIC,WIX
11128100084,21.044314,-86.871643,,,CANCUN,QUINTANA ROO,MX,,CANCUN,CUN
11128100085,17.981001,-92.823824,,,VILLAHERMOSA,TABASCO,MX,,C P A CARLOS ROVIROSA INTL,VSA
11128100086,19.141768,-96.180134,,,VERACRUZ,VERACRUZ,MX,,GEN HERIBERTO JARA INTL,VER
11128100087,22.906986,-102.675661,,,ZACATECAS,ZACATECAS,MX,,GEN LEOBARDO C RUIZ INTL,ZCL
11128100088,17.6082,-101.46462,,,ZIHUATANEJO,GUERRERO,MX,,IXTAPA-ZIHUATANEJO INT'L,ZIH
11128100089,19.149731,-104.560853,,,MANZANILLO,COLIMA,MX,,PLAYA DE ORO INTL,ZLO
11128100090,20.75192,-103.446615,,,ZAPOPAN,JALISCO,MX,,ZAPOPAN,MMZP
11128100091,25.042172,-111.612212,,,CIUDAD CONSTITUCIÓN,BCS,MX,,ARROYO CAPO,VIB
11128100092,28.975465,-113.551744,,,BAHIA DE LOS ANGELES,BC,MX,,BAHIA DE LOS ANGELES,BHL
11128100093,27.288002,-112.936476,,,SAN IGNACIO,BCS,MX,,SAN IGNACIO,SGM
11128100094,32.44585,-114.80111,,,SAN LUIS RÍO COLORADO,SONORA,MX,,SAN LUIS RÍO COLORADO,UAC
11128100095,20.620773,-87.078912,,,PLAYA DEL CARMEN,QUINTANA ROO,MX,,PLAYA DEL CARMEN,PCM
11128100096,16.207496,-95.204029,,,SALINA CRUZ,OAXACA,MX,,SALINA CRUZ,SCX
11128100097,27.06782,-111.95748,,,PUNTA CHIVATO,BCS,MX,,PUNTA CHIVATO,PCV
11128100098,27.037009,-108.948214,,,ALAMOS,SONORA,MX,,ALAMOS,XAL